E_SSR_0;E_SSR_1;E_SSR_2;E_SSR_3;E_SSR_4;E_SSR_5;E_SSR_6;E_SSR_7;E_SSR_8;E_SSR_9;E_SSR_10;E_SSR_11;E_SSR_12;E_SSR_13;E_SSR_14;E_SSR_15;E_SSR_16;E_SSR_17;E_SSR_18;E_SSR_19;E_SSR_20;E_SSR_21;E_SSR_22;E_SSR_23;E_SSR_24;E_SSR_25;E_SSR_26;E_SSR_27;E_SSR_28;E_SSR_29;E_SSR_30;E_SSR_31;E_SSR_32;E_SSR_33;E_SSR_34;E_SSR_35;E_SSR_36;E_SSR_37;E_SSR_38;E_SSR_39;E_SSR_40;E_SSR_41;E_SSR_42;E_SSR_43;E_SSR_44;E_SSR_45;E_SSR_46;E_SSR_47;E_SSR_48;E_SSR_49;E_SSR_50;E_SSR_51;E_SSR_52;E_SSR_53;E_SSR_54;E_SSR_55;E_SSR_56;E_SSR_57;E_SSR_58;E_SSR_59;E_SSR_60;E_SSR_61;E_SSR_62;E_SSR_63;E_SSR_64;E_SSR_65;E_SSR_66;E_SSR_67;E_SSR_68;E_SSR_69;E_SSR_70;E_SSR_71;E_SSR_72;E_SSR_73;E_SSR_74;E_SSR_75;E_SSR_76;E_SSR_77;E_SSR_78;E_SSR_79;E_SSR_80;E_SSR_81;E_SSR_82;E_SSR_83;E_SSR_84;E_SSR_85;E_SSR_86;E_SSR_87;E_SSR_88;E_SSR_89;E_SSR_90;E_SSR_91;E_SSR_92;E_SSR_93;E_SSR_94;E_SSR_95;E_SSR_96;E_SSR_97;E_SSR_98;E_SSR_99;E_SSR_100;E_SSR_101;E_SSR_102;E_SSR_103;E_SSR_104;E_SSR_105;E_SSR_106;E_SSR_107;E_SSR_108;E_SSR_109;E_SSR_110;E_SSR_111;E_SSR_112;E_SSR_113;E_SSR_114;E_SSR_115;E_SSR_116;E_SSR_117;E_SSR_118;E_SSR_119;E_SSR_120;E_SSR_121;E_SSR_122;E_SSR_123;E_SSR_124;E_SSR_125;E_SSR_126;E_SSR_127;E_SSR_128;E_SSR_129;E_SSR_130;E_SSR_131;E_SSR_132;E_SSR_133;E_SSR_134;E_SSR_135;E_SSR_136;E_SSR_137;E_SSR_138;E_SSR_139;E_SSR_140;E_SSR_141;E_SSR_142;E_SSR_143;E_SSR_144;E_SSR_145;E_SSR_146;E_SSR_147;E_SSR_148;E_SSR_149;E_SSR_150;E_SSR_151;E_SSR_152;E_SSR_153;E_SSR_154;E_SSR_155;E_SSR_156;E_SSR_157;E_SSR_158;E_SSR_159;E_SSR_160;E_SSR_161;E_SSR_162;E_SSR_163;E_SSR_164;E_SSR_165;E_SSR_166;E_SSR_167;E_SSR_168;E_SSR_169;E_SSR_170;E_SSR_171;E_SSR_172;E_SSR_173;E_SSR_174;E_SSR_175;E_SSR_176;E_SSR_177;E_SSR_178;E_SSR_179;E_SSR_180;E_SSR_181;E_SSR_182;E_SSR_183;E_SSR_184;E_SSR_185;E_SSR_186;E_SSR_187;E_SSR_188;E_SSR_189;E_SSR_190;E_SSR_191;E_SSR_192;E_SSR_193;E_SSR_194;E_SSR_195;E_SSR_196;E_SSR_197;E_SSR_198;E_SSR_199;E_SSR_200;E_SSR_201;E_SSR_202;E_SSR_203;E_SSR_204;E_SSR_205;E_SSR_206;E_SSR_207;E_SSR_208;E_SSR_209;E_SSR_210;E_SSR_211;E_SSR_212;E_SSR_213;E_SSR_214;E_SSR_215;E_SSR_216;E_SSR_217;E_SSR_218;E_SSR_219;E_SSR_220;E_SSR_221;E_SSR_222;E_SSR_223;E_SSR_224;E_SSR_225;E_SSR_226;E_SSR_227;E_SSR_228;E_SSR_229;E_SSR_230;E_SSR_231;E_SSR_232;E_SSR_233;E_SSR_234;E_SSR_235;E_SSR_236;E_SSR_237;E_SSR_238;E_SSR_239;E_SSR_240;E_SSR_241;E_SSR_242;E_SSR_243;E_SSR_244;E_SSR_245;E_SSR_246;E_SSR_247;E_SSR_248;E_SSR_249;E_SSR_250;E_SSR_251;E_SSR_252;E_SSR_253;E_SSR_254;E_SSR_255;E_SSR_256;E_SSR_257;E_SSR_258;E_SSR_259;E_SSR_260;E_SSR_261;E_SSR_262;E_SSR_263;E_SSR_264;E_SSR_265;E_SSR_266;E_SSR_267;E_SSR_268;E_SSR_269;E_SSR_270;E_SSR_271;E_SSR_272;E_SSR_273;E_SSR_274;E_SSR_275;E_SSR_276;E_SSR_277;E_SSR_278;E_SSR_279;E_SSR_280;E_SSR_281;E_SSR_282;E_SSR_283;E_SSR_284;E_SSR_285;E_SSR_286;E_SSR_287;E_SSR_288;E_SSR_289;E_SSR_290;E_SSR_291;E_SSR_292;E_SSR_293;E_SSR_294;E_SSR_295;E_SSR_296;E_SSR_297;E_SSR_298;E_SSR_299
0.19181414;0.069018155;0.049388718;-0.22615772;0.015269823;0.16396488;-0.22867109;-0.014834474;0.038806014;0.03529468;0.026345605;0.027570808;-0.0848307;0.088860035;-0.023979777;-0.08068582;-0.08444422;0.020510003;-0.050862674;0.024824366;0.10873567;0.09847335;-0.1600474;-0.07231025;-0.14924331;-0.10768267;0.074279554;-0.2044491;-0.10437277;0.008894165;0.094999135;0.08741047;-0.03204291;0.13863803;0.031045495;-0.10979017;-0.080513746;-0.1311692;-0.07405702;0.032923136;-0.022303665;-0.10883408;0.055810858;-0.14916062;0.089515984;-0.08029848;0.0019382959;-0.09428024;0.0047110706;0.0064839683;0.02545848;-0.028418941;-0.08606171;-0.02696425;-0.1316142;0.0047424235;0.09964693;0.07215229;0.12546454;0.1216967;-0.023777192;0.13216664;-0.13438758;-0.06837212;-0.16688372;-0.060271457;-0.12325636;-0.03476808;-0.058379788;-0.008103826;-0.08052195;0.17684262;-0.11385175;-0.024956068;0.17364125;-0.19375587;-0.16160534;0.02172853;0.10630763;0.10896602;-0.020883352;-0.05128183;-0.16376632;-0.102067225;-0.018425459;0.15021421;-0.0024503141;-0.08713659;0.054323748;-0.15800966;-0.10768932;-0.0021508967;-0.013417121;-0.030541895;0.054329004;-0.05493386;-0.22627877;0.2295203;0.07036269;0.12086153;0.029258206;-0.047495652;-0.1128725;0.09900112;-0.16518144;0.12699659;0.06989808;-0.00109792;-0.0042617447;-0.020494321;-0.1256092;0.06578651;-0.050516974;-0.1562303;-0.06409701;-0.08831701;-0.003546017;0.14536165;-0.013078768;-0.029450482;-0.015087019;-0.010084359;0.01619302;-0.0528;-0.36529875;-0.28670573;0.12671365;0.043934315;-0.05413929;0.08677984;0.032390002;-0.03465157;-0.047909915;-0.09776697;-0.07187202;0.14531045;-0.030619232;-0.02343241;0.023459049;-0.021208763;0.026120694;0.1278847;0.051664352;0.13708533;0.1132983;-0.11013624;-0.07599994;-0.0028654214;-0.081265666;-0.058082182;0.11738476;-0.089064695;0.14702712;-0.14074726;0.10531625;-0.032218456;-0.105298996;0.08557799;0.14311135;0.11653209;-0.0837146;0.07089942;-0.011484479;0.014898364;-0.08205384;-0.0977334;0.001463905;-0.1153265;0.021472296;0.030914413;0.040860027;-0.035698798;0.10619856;0.09263722;-0.06938619;0.0011208989;0.16548662;-0.036824044;0.01916533;-0.053568084;-0.18793036;-0.033383917;-0.0053678565;0.18803775;0.03393252;-0.040736053;-0.086000204;0.23524785;-0.045016766;-0.09755224;0.10578065;0.13859238;0.17938574;0.026270522;0.11510941;-0.08670512;-0.26626047;0.031883396;-0.17126007;-0.18668483;0.25270975;0.14693175;0.09231933;-0.117013656;0.26345626;-0.12712745;-0.05317233;-0.046369795;-0.1597886;-0.18827917;-0.16845475;0.011117234;0.0010576596;-0.07127946;-0.10042102;0.078173935;0.107069455;-0.10303987;-0.02983453;0.1364289;-0.1066475;0.060795236;-0.09784574;0.10453433;-0.016574427;-0.2525369;-0.079121865;0.034795497;-0.14297931;0.26148015;0.052825138;0.26682726;-0.06363547;0.03932943;-0.039153986;-0.0798445;0.05927187;-0.120717876;-0.1318908;-0.039128702;0.24297102;-0.0048424588;-0.04442413;0.011771489;0.059110984;-0.121869974;-0.013824907;-0.24165578;-0.041148398;0.26485;-0.098331906;0.360567;-0.09707323;0.025307177;0.11787689;-0.14242269;-0.12165048;0.22139293;-0.037941184;0.28697714;0.035349164;0.06376334;0.052917928;0.24931662;0.0013927094;0.12428693;-0.09756761;-0.16164465;-0.011719219;-0.20988894;-0.02529417;0.010233882;0.00018158059;0.0771648;-0.09504513;-0.018545747;-0.008427012;-0.17993999;0.12917317;-0.03798322;-0.029395724;0.06927961;-0.06148239;-0.15239821;0.083647706;0.09066931;0.13780381;0.24193513;-0.092032164;-0.030163266;0.013412011;-0.20679325;-0.10697633;0.0268599;0.14541538;-0.000935403;-0.18318437;-0.12535697;-0.14214408;-0.07172752
0.19117512;0.03907786;0.00855256;-0.17165476;-0.0092030475;0.15713361;-0.16393685;-0.020524172;0.040688213;0.08574912;0.02170215;0.042156596;-0.06944076;0.09670287;-0.021728197;-0.119309396;-0.09173166;0.020340757;-0.047716048;0.047529984;0.09563899;0.1132142;-0.1156814;-0.09410479;-0.1793964;-0.057195574;0.1062431;-0.24764645;-0.11146763;0.019347662;0.04889373;0.026295869;-0.07930004;0.15880549;0.02623716;-0.09779611;-0.057920635;-0.13065718;-0.067455016;0.008785308;0.029075364;-0.13603936;-0.004088536;-0.12205044;0.14402871;-0.03573049;-0.010506135;-0.07895578;0.0059565497;0.018452462;0.06575338;-0.045533348;-0.07998513;-0.013494802;-0.109039485;0.050207015;0.09102305;0.044284362;0.12301221;0.10909244;-0.028108047;0.13129641;-0.17183276;-0.048640992;-0.12891549;-0.041062836;-0.17534018;-0.06963328;-0.0499502;0.002311711;-0.10652871;0.12493527;-0.16984756;-0.027875388;0.13267726;-0.21642722;-0.1995592;0.027853861;0.07134133;0.104222566;-0.030686518;-0.070849;-0.17207104;-0.104805656;-0.004869479;0.1585771;0.0042063524;-0.07291396;0.08280692;-0.17195839;-0.10544317;0.027635336;-0.030209688;-0.057671413;0.05226329;-0.07739536;-0.24070458;0.23854429;0.040920444;0.13041931;-0.042165905;-0.036249656;-0.13049014;0.10225799;-0.14497122;0.071173504;0.0074224696;-0.0017564992;-0.01203585;-0.019663544;-0.08772438;0.07159094;-0.019661255;-0.15407522;-0.05604523;-0.14262381;0.04085336;0.20946889;-0.040603127;-0.018504452;0.0029679239;-0.0015697976;0.026120273;-0.06250333;-0.33533728;-0.33558464;0.12076253;0.036204036;-0.064144105;0.08366998;0.033087883;-0.033692066;-0.034258496;-0.07627293;-0.043154407;0.17591096;-0.05641355;-0.058808193;0.00334916;-0.030469827;0.007929678;0.09255739;0.038695894;0.12877129;0.15578315;-0.0755597;-0.058663595;0.035660952;-0.031702127;-0.08315132;0.09911784;-0.045644652;0.0772053;-0.097718626;0.10066492;-0.048952147;-0.11640209;0.113532595;0.13619368;0.087933026;-0.12645893;0.059648037;0.0011125021;0.028758913;-0.1214918;-0.0862192;0.0053821816;-0.12315913;0.02596354;0.045016017;0.016667353;-0.025649438;0.13474283;0.085675515;-0.00014618908;0.0069769993;0.18574978;-0.054685786;0.027889675;-0.050167102;-0.17503022;-0.0026972916;-0.03235769;0.21693446;0.060589205;-0.039656956;-0.12054128;0.19496657;-0.02620115;-0.10175011;0.14564551;0.07934582;0.09951046;0.06293539;0.08185721;-0.089675695;-0.2559909;0.0833255;-0.13598268;-0.19054846;0.26415357;0.12390467;0.07878706;-0.0915432;0.22262745;-0.17478006;0.011368789;-0.06520901;-0.12090165;-0.13954337;-0.11826324;-0.024734387;0.022697626;-0.05910452;-0.05192882;0.050343454;0.11163053;-0.1026901;-0.056052614;0.14433053;-0.118615426;0.042896945;-0.1263863;0.09716483;-0.12507941;-0.2880005;-0.10917232;0.06784165;-0.17048861;0.2701421;0.07110311;0.24670738;-0.035799917;0.0016165692;-0.043083366;-0.05726823;0.031933773;-0.12080968;-0.12854329;-0.07593503;0.17791706;-0.010021359;-0.06638352;0.02365972;0.049413115;-0.06884349;0.016221097;-0.2244814;-0.029760716;0.230426;-0.15609431;0.3020049;-0.12582615;0.0010666829;0.17223485;-0.10550348;-0.1459523;0.17888089;-0.10637534;0.2781137;0.01614437;0.06497601;0.065211095;0.24448116;0.011639497;0.15282018;-0.070540644;-0.15884073;-0.039849818;-0.2020008;-0.03237019;0.034086492;-0.041219562;0.056044932;-0.047338072;-0.009895404;0.057576343;-0.18180764;0.12536098;-0.05179256;-0.06249017;0.10982168;-0.050989926;-0.1638548;0.1205261;0.1533777;0.122174226;0.27894983;-0.076916;-0.013379318;0.015695216;-0.25641632;-0.098024346;0.0017412119;0.1590638;-0.009510479;-0.19330622;-0.08485336;-0.061944444;-0.05232267
0.1746629;-0.0053893914;0.044611674;-0.16287142;0.025635494;0.12574862;-0.15465988;-0.017077308;0.046639588;0.09025335;0.013844084;0.018638808;-0.047587164;0.0653664;-0.032963533;-0.1056042;-0.06441056;0.04528319;-0.046530522;0.060471628;0.08973308;0.10426481;-0.15895364;-0.09220597;-0.1489063;-0.059989937;0.09965897;-0.2573013;-0.08679776;0.013951444;0.057439245;0.027417488;-0.04806338;0.14026591;0.01002706;-0.08596517;-0.035905268;-0.13308655;-0.06384297;0.030034285;0.03500837;-0.13566844;-0.038688328;-0.14497775;0.11233672;-0.0017713761;-0.03175275;-0.030518683;0.029784063;0.039114174;0.040328268;-0.06366195;-0.12017198;-0.011348172;-0.15088871;-0.008022973;0.10606121;0.05692915;0.105421424;0.10939875;-0.03458629;0.11336475;-0.165462;-0.051707327;-0.127433;-0.048762593;-0.1872944;-0.053631656;-0.04996034;-0.0014148027;-0.04981482;0.12827615;-0.14572516;-0.00058836205;0.17236617;-0.14597817;-0.13854739;-0.0049558124;0.09438018;0.1360851;-0.045858614;-0.095287874;-0.17819534;-0.091015495;0.008658392;0.16621652;-0.01569244;-0.0752078;0.06682064;-0.16957797;-0.09888082;-0.0001527042;0.0023281723;-0.047826245;0.04312925;-0.064104356;-0.2328482;0.20062041;0.04693671;0.07277066;-0.07193163;-0.06641885;-0.118410364;0.107396044;-0.15786245;0.12613;0.04701408;-0.03261021;-0.017416146;-0.026512343;-0.060788162;0.050156873;-0.024772914;-0.14705215;-0.075543754;-0.12581119;0.058273546;0.2068163;-0.084812365;-0.00068642973;0.032736134;-0.022624062;0.034305446;-0.057607487;-0.34116146;-0.30348843;0.13178901;0.042490184;-0.03882663;0.06721879;0.043440476;-0.007761765;-0.02897097;-0.08767757;-0.07238434;0.19843103;-0.07321981;-0.05401605;-0.010858703;-0.016407443;-0.004760965;0.12727359;0.04521117;0.13768949;0.16928636;-0.06610075;-0.050486702;0.033219837;-0.026946131;-0.10123634;0.087159;-0.101630494;0.09944491;-0.106837474;0.10372034;-0.05857769;-0.10317914;0.114543036;0.100999966;0.11392852;-0.06575393;0.0768679;0.022457127;0.04494419;-0.11950277;-0.08724868;0.026409984;-0.112969965;0.009473238;0.02644787;0.033224143;-0.024171224;0.1536298;0.11284067;-0.023337433;-0.012249768;0.17121634;-0.0486712;0.061919525;-0.044055626;-0.20797679;0.0018425607;-0.043193165;0.18826066;0.0654963;-0.039868042;-0.124591425;0.17094666;-0.059870288;-0.08802816;0.12770124;0.11884543;0.08634528;0.080130324;0.08414747;-0.06195558;-0.2459294;0.0631608;-0.14961793;-0.1897173;0.24445485;0.1353459;0.01885816;-0.069339864;0.18640062;-0.15423886;-0.015211988;-0.041968785;-0.13399509;-0.13233297;-0.12866329;-0.009804775;0.027213177;-0.06149684;-0.060657002;0.09010555;0.0996566;-0.08743147;-0.04289794;0.11076612;-0.087136514;0.022378167;-0.1196237;0.1003536;-0.086685464;-0.2674595;-0.064896256;0.022878278;-0.15093705;0.2472532;0.07097394;0.21782514;-0.05306735;0.021882905;-0.06945712;-0.07617358;0.042154066;-0.085311994;-0.13373922;-0.052353594;0.23080127;0.015603251;-0.059610672;-0.012305643;0.065428495;-0.10473099;-0.0013462099;-0.2203656;-0.034941163;0.24680609;-0.10933432;0.3085732;-0.11722417;0.046846174;0.14240067;-0.10712563;-0.094207525;0.18862115;-0.08880352;0.26157132;0.029674409;0.07216759;0.0344604;0.27379352;0.0164794;0.12976204;-0.081688695;-0.13857467;-0.01645822;-0.20108186;-0.007564796;0.011152382;0.015813831;0.05507099;-0.07782198;-0.032312892;0.0262744;-0.19681668;0.15464002;-0.080760345;-0.0010982305;0.11641273;-0.04572543;-0.1127423;0.059364058;0.12203109;0.123057924;0.26282403;-0.0820986;-0.044083495;0.051696412;-0.24802488;-0.07761527;0.029456643;0.1388031;-0.029963134;-0.1871249;-0.13825728;-0.11762711;-0.08423889
0.009743271;0.01200245;0.05889349;-0.15323587;-0.0037543483;0.14403301;-0.061082877;-0.042122528;0.07023212;0.17284033;0.05624008;0.041203722;-0.04704501;0.023566056;-0.11393749;-0.036474273;0.020015927;0.06864259;-0.1382081;-0.101799734;0.13621707;0.10663707;-0.09707749;-0.08113188;0.02028205;-0.04058246;0.13119744;-0.11945887;-0.0156043;0.024956655;0.011499612;0.105697684;0.004365136;0.09132231;-0.0499313;-0.045748923;-0.124200895;0.057880774;-0.013742662;0.041962687;0.06480198;-0.053224325;0.095243864;-0.07098969;0.08231034;-0.016351908;-0.04887663;-0.08697568;0.07717451;0.059520703;0.029199997;0.014468435;-0.03985325;0.017372977;-0.009970015;0.019592432;0.0940385;0.0916646;0.095933296;0.07637243;-0.16014284;0.16797514;-0.21030523;-0.08265738;-0.099742964;-0.13855572;-0.1861581;-0.06192349;-0.034122977;-0.0057181315;0.033329938;0.05742265;-0.11310567;0.0019741277;0.08528498;-0.10181878;-0.15233748;0.007956932;0.053606495;0.013415565;0.013575103;0.022860546;-0.08465931;-0.045966227;-0.052781828;-0.056548346;-0.0845572;-0.05830026;0.06419369;-0.11280421;-0.0012547926;0.0022769358;-0.006549986;-0.046300277;0.01759565;-0.037220653;-0.17831506;0.19564505;0.12790275;0.06203044;0.025844026;-0.16076984;-0.12165399;0.14964168;-0.08530213;0.12520131;0.07120835;-0.052101478;-0.04129304;-0.03488915;-0.06802714;0.04247414;-0.027156334;-0.07813632;-0.107148916;-0.0924869;0.15023103;0.123436175;-0.15260898;-0.037510287;0.03965088;-0.11084346;0.059278417;0.08143122;-0.22836031;-0.16431125;0.15454218;-0.025206728;-0.04420447;0.073728204;0.05709709;-0.115271635;-0.050322447;-0.12229125;0.049555667;0.16008803;-0.16150649;-0.012638428;-0.08802683;-0.016886603;-0.08933193;0.1014251;0.1671153;0.15756004;0.10162153;-0.05982969;-0.10532;0.041826334;-0.06014246;-0.017269423;0.081890725;-0.08532165;0.12748447;-0.068479896;0.122116335;-0.10030573;-0.13613227;0.099743694;0.0962769;0.09989732;0.09723503;-0.014554914;-0.012969283;-0.08088658;0.013285551;-0.118635245;-0.033242196;-0.09101454;0.092875965;0.044016417;0.034465995;-0.039819185;-0.02847422;0.05674184;-0.10470961;0.04523868;0.05389847;-0.08725729;0.12391262;-0.07677099;-0.20120282;-0.1453544;-0.05155767;0.08248154;0.022610638;-0.085660934;-0.0040866127;0.12753499;-0.101724766;0.0798061;-0.079327345;0.06544972;0.08167471;-0.019044915;-0.07643593;-0.008528119;-0.33472568;0.07329533;-0.08345752;-0.12059331;0.12750638;0.05650499;0.039166022;-0.11511718;0.04959025;-0.085325375;-0.056400515;-0.110468;-0.09863229;-0.09738257;-0.13406628;0.06391611;-0.046566084;0.019144202;-0.10493532;0.071742155;0.06222957;-0.0727102;0.033543397;0.028251372;-0.03349496;-0.0101477085;0.013798938;0.08403711;-0.071415745;-0.12437864;-0.046258815;0.033827;-0.013371232;-0.006874622;0.012176548;0.15902033;-0.01012434;-0.06217512;0.037952743;-0.07284884;-0.008420349;-0.10126969;-0.12222517;-0.09518793;0.14662263;0.04276313;-0.020721637;0.016876142;0.072383456;-0.06383111;0.0034299204;-0.14149053;-0.0650492;0.16075025;-0.026581815;0.31038573;-0.09472844;0.037025597;0.008523221;-0.14346196;-0.014609384;0.17254591;-0.046858825;0.22449759;0.11584295;0.05672246;0.101030014;0.16268282;-0.03312451;0.03679722;0.09048441;-0.14891244;0.06971177;-0.17725228;-0.049878564;0.030955924;0.050247695;-0.0056788246;-0.00055163103;0.04808934;0.046098355;-0.117201544;0.08045135;-0.039236855;-0.027545905;0.039077125;-0.07477743;-0.10944008;0.01732626;0.09570139;0.08928536;0.14722571;-0.13880372;0.046543792;0.04688607;-0.18397102;-0.02548376;0.09237661;-0.07474261;0.06782344;-0.14388725;-0.07874298;-0.13506411;-0.088858575
0.06220312;0.07128697;0.09134902;-0.1432579;-0.012778805;0.17069641;-0.046827648;-0.010645658;0.11987849;0.14921662;0.016759869;0.0109787285;-0.1005959;0.009885117;-0.071969315;-0.09087479;0.06538568;0.073335424;-0.09328806;-0.09037509;0.13330965;0.06163987;-0.052443154;-0.10387988;0.07797383;-0.049028542;0.19519699;-0.09660609;-0.02934693;-0.014917265;-0.046416085;0.039453153;-0.016941253;0.1157318;-0.08448044;0.011535057;-0.036775913;0.057566788;0.014689368;-0.011719065;0.124925315;-0.0946201;0.058103714;-0.08448929;0.056673896;-0.03762469;-0.05129305;0.020362986;0.103725806;0.097423255;0.030738851;-0.0486297;-0.029452607;0.04827264;-0.004043954;-0.04710337;0.15603027;0.020277176;0.025618523;0.06856333;-0.14942864;0.14727037;-0.20567551;-0.05907983;-0.09221339;-0.099605784;-0.15327215;-0.038047466;-0.082916394;-0.030412944;0.01648003;0.05304894;-0.088339455;0.022795554;0.07522387;-0.05973484;-0.117625766;-0.043022532;0.07864084;0.010968751;0.0009212143;0.006740014;-0.1342744;-0.022922682;-0.05662162;-0.07475541;-0.10993593;-0.07220421;0.075438194;-0.08427922;0.0077058123;0.008096159;-0.005459215;0.010589027;0.061900437;-0.06449593;-0.19741318;0.18103017;0.15979938;0.07826669;0.037871476;-0.18604364;-0.11060818;0.12639864;-0.13471352;0.039127488;-0.011414151;-0.042544466;-0.007890888;0.04118383;-0.055830803;-0.06808949;-0.059546895;-0.07768751;-0.08311079;-0.077157386;0.1214157;0.1599458;-0.20584987;-0.05019707;0.044925846;-0.078026;0.027243916;0.07025819;-0.26397946;-0.18427788;0.11860871;-0.007268471;-0.080872364;0.07828833;0.038434826;-0.09552014;-0.06789356;-0.14298464;-0.015188073;0.16107716;-0.1480968;-0.03427192;-0.11580806;-0.040116318;-0.13846399;0.14435247;0.19401288;0.1415881;0.09696055;0.034859445;-0.08893968;0.02958397;-0.05382016;-0.017900912;0.063570604;-0.10569949;0.08352603;-0.1315385;0.09555926;-0.02738738;-0.12072202;0.07524028;0.05880981;0.09193869;0.10199887;-0.014812367;0.050016407;-0.06754825;0.0146869505;-0.12834397;-0.018292457;-0.11931866;0.08434761;0.09792798;0.05927087;0.040134825;-0.011079766;0.05315406;-0.07820298;0.007225387;0.02274953;-0.050930183;0.12175084;-0.07375043;-0.16024211;-0.123328395;-0.10677651;0.1711516;0.036893774;-0.049099386;0.003126524;0.17305021;-0.08596136;0.11678147;0.00061345875;0.024764912;0.09231919;-0.02913633;-0.08732997;0.0349231;-0.30286855;0.077855356;-0.13672777;-0.12235145;0.14272736;0.04803785;0.052101184;-0.06394819;0.03300507;-0.06723805;-0.009118086;-0.13989799;-0.06350007;-0.115344636;-0.10364868;0.06537687;0.067394696;-0.015009233;-0.135997;0.07735985;0.08079572;-0.16024835;-0.0035489234;0.037926424;-0.026869893;-0.035480175;-0.012952187;0.09680585;-0.09973355;-0.1257273;-0.09921279;-0.00883494;-0.0500652;0.005310364;0.048226867;0.23968804;-0.08531028;-0.09351351;-0.015388302;0.020119522;-0.0137706455;-0.10404401;-0.13790277;-0.1322966;0.17972684;0.019408027;-0.0056991056;0.00727127;0.0818281;-0.07290035;0.0015924986;-0.1965328;-0.077281855;0.18574479;-0.044588216;0.28003684;-0.13078322;-0.02580437;0.05494433;-0.1339721;-0.015239303;0.17004406;-0.04408316;0.22607207;0.05688269;0.043229725;0.08569865;0.22761403;-0.03762785;0.12502486;0.098393835;-0.14416717;0.10862511;-0.22177117;-0.054690275;0.07089378;0.07457375;0.01093708;0.030193845;0.014986979;0.04757285;-0.050584577;0.09255184;-0.06203262;0.025648797;0.06983837;-0.09264694;-0.1082936;0.068391696;0.11858622;0.13509856;0.17869647;-0.14834057;0.057633437;0.049002204;-0.20179068;-0.060192913;0.11871456;-0.083919704;0.06998447;-0.18641281;-0.0996515;-0.03551123;-0.08372051
0.2224958;0.035286356;-0.036641084;-0.22331652;0.001660954;0.15632337;-0.23269507;-0.03627266;0.016366761;0.040430445;-0.015701734;0.08133297;-0.14506547;0.100755125;-0.0075553153;-0.07794495;-0.060817976;0.03045367;-0.047133204;0.07250883;0.10112258;0.10818742;-0.17538907;-0.046827942;-0.19043466;-0.12902921;0.05308202;-0.25463527;-0.14577135;0.06650183;0.10738771;0.063435644;-0.06078723;0.14758167;0.08898315;-0.109806426;-0.118137024;-0.15114115;-0.13620766;0.03733189;-0.014175002;-0.18000197;0.022780318;-0.118477054;0.14808929;-0.055255428;0.030126702;-0.10584826;0.0054556318;0.0027764887;0.086196065;-0.056047715;-0.12869802;-0.017456802;-0.15297666;0.06611402;0.11396759;0.09190197;0.15203167;0.14267045;0.042520277;0.14859039;-0.16169932;-0.07120696;-0.16269013;-0.05736579;-0.19805089;-0.033958457;-0.03716575;-0.043529224;-0.09399786;0.18059622;-0.19448936;-0.058228776;0.2102746;-0.23004061;-0.22899331;0.1241166;0.09436458;0.16030265;-0.0739394;-0.08620472;-0.17530152;-0.12498126;0.018359464;0.20354557;0.01317125;-0.055979248;0.07538543;-0.21724156;-0.15145919;0.0018097479;-0.042836744;-0.0680611;0.0068597794;-0.09443252;-0.18970694;0.2526336;0.02817937;0.15346828;-0.036164515;-0.023900572;-0.115338095;0.120878115;-0.14106779;0.14604233;0.023178028;0.049215212;-0.06441221;-0.024634223;-0.14264612;0.08964525;-0.033676893;-0.20939279;-0.10149297;-0.15261342;-0.00029465184;0.21325168;0.017445534;-0.047095913;-0.04626165;0.0074745743;0.017704617;-0.0895887;-0.4283367;-0.3145213;0.067503795;0.091092624;-0.028982297;0.05356396;-0.030423004;-0.060529992;-0.040887315;-0.045295604;-0.029488098;0.18736482;-0.086198494;-0.07404419;0.06485921;-0.06888667;0.022312043;0.114266716;0.0049905255;0.14125343;0.17138961;-0.14702785;-0.06978077;0.024103975;-0.061100952;-0.08630803;0.15605123;-0.063653745;0.09859373;-0.14860271;0.087063745;-0.08325011;-0.10124421;0.10521306;0.15743455;0.10286846;-0.13974658;0.09985398;-0.022078011;0.097947836;-0.15883738;-0.08357674;0.034447294;-0.12503202;0.0068440754;0.0088563785;0.04858915;-0.07698027;0.20679605;0.074155636;-0.009968569;0.0031488389;0.225215;-0.015268618;-0.025770448;-0.040425193;-0.13839546;-0.01821342;0.042168595;0.1870503;0.05890864;-0.05027423;-0.16599292;0.30929664;-0.084952936;-0.17734265;0.1309017;0.12633859;0.15548268;0.09800874;0.17107454;-0.1282117;-0.20697942;0.028032027;-0.18271044;-0.2500622;0.21856342;0.1830077;0.09271447;-0.16486764;0.36243218;-0.22924373;-0.04266746;-0.036221072;-0.21741994;-0.17227986;-0.14481364;-0.03059078;-0.074359015;-0.015377153;-0.06502573;0.074818805;0.13067952;-0.119658686;-0.07498837;0.18577081;-0.16069092;0.061675698;-0.11822013;0.123703554;-0.06663304;-0.29818964;-0.056889735;0.024264868;-0.18785565;0.3550454;0.12539239;0.29105872;-0.047325995;0.060091246;0.008858605;-0.090738714;0.034878746;-0.11927123;-0.17976835;-0.028419383;0.24309883;0.03907557;-0.068138346;-0.01487078;0.022718746;-0.106375836;-0.00033856928;-0.2929671;-0.0186283;0.28361964;-0.12920864;0.37250748;-0.09018172;0.05089324;0.15137231;-0.1083402;-0.17333683;0.20292677;-0.07092105;0.27753484;0.028459352;0.11192477;0.05441861;0.24613933;-0.009031141;0.13802436;-0.12662;-0.17945993;-0.035912912;-0.23771578;0.0041378625;0.040920995;-0.032774802;0.09107754;-0.12913927;-0.045015473;0.02907317;-0.3054108;0.09875108;-0.09192998;-0.094611354;0.12143119;-0.08453605;-0.14930768;0.14144522;0.1630896;0.08995378;0.29999527;-0.091473445;-0.03900237;0.05815623;-0.25240138;-0.10002287;0.0140614435;0.24806944;-0.047335126;-0.20646966;-0.13215972;-0.12524527;-0.08563267
0.15498199;0.1992944;0.20417829;-0.15555005;0.08746048;0.13933372;-0.21416605;0.04876113;0.121228576;0.05367058;0.1318034;-0.091262996;0.040465165;0.016302435;-0.045766402;-0.10072685;-0.13901722;-0.013790473;-0.06940582;-0.044535417;0.15550824;0.07471054;-0.20828503;-0.12699308;-0.052051056;-0.07402078;0.1394481;-0.06620165;-0.016115235;-0.12164023;0.060922425;0.16252531;0.03866295;0.15505476;-0.068758905;-0.12946711;-0.032016117;-0.09192422;0.08430747;0.010797776;-0.059369255;0.04686669;0.11871994;-0.18583913;-0.10421268;-0.16504815;-0.062539734;-0.11649237;-0.032141242;0.00488247;-0.1709488;0.04979144;0.025135703;-0.05586497;-0.072956346;-0.17323112;0.04549898;0.005742153;0.060411524;0.08540398;-0.14249115;0.07758147;-0.08682287;-0.064106494;-0.22081137;-0.029387185;0.0722765;-0.04448803;-0.13964602;0.058044795;-0.034696497;0.22357911;0.08271567;0.06171906;0.083596975;-0.115647316;-0.07668773;-0.22518344;0.14987355;-0.00033079088;0.12809326;0.03742954;-0.18284535;-0.054472614;-0.118439764;0.03324751;-0.015560496;-0.21736807;-0.00880891;-0.045580518;-0.030350382;-0.030233586;0.08532772;0.052704807;0.1826344;0.050809804;-0.36431882;0.18918204;0.16349488;0.059445847;0.23426878;-0.09165382;-0.09582114;0.033848513;-0.29346046;0.06352194;0.23613375;-0.11460612;0.12777407;-0.009466968;-0.1071075;-0.019156123;-0.14580011;-0.05769278;0.013974006;0.035152618;-0.05322498;0.010752723;-0.094524;-0.021924853;0.018050412;0.008808282;0.04789725;0.025911383;-0.27697623;-0.25144634;0.23006451;-0.006099768;-0.111144625;0.2096148;0.15816756;0.02902334;-0.083433986;-0.21035707;-0.23793717;0.04418629;0.12883201;0.08248193;-0.06080858;0.058001716;0.1056551;0.16246477;0.16187546;0.10141397;-0.043380525;-0.0066043003;-0.10954272;-0.0822851;-0.12246669;0.011866957;0.049906533;-0.14833944;0.24491258;-0.17150743;0.16714962;0.14090456;-0.15625833;0.0014088303;0.09109207;0.13360657;0.07824116;0.020613404;0.046238918;-0.16053729;0.067613006;-0.118891925;-0.037842214;-0.0807601;0.02733008;0.07623065;0.04951341;0.04877971;-0.12630667;0.12865631;-0.19718838;-0.002795155;0.039781366;-0.07969358;0.11577859;-0.01696802;-0.27372658;-0.09403863;-0.09199807;0.20689213;-0.054201897;-0.008726731;0.11309311;0.1309632;0.060662862;0.06929921;0.054701183;0.19549835;0.25456822;-0.13586254;-0.0014774451;0.018393388;-0.442601;0.014305829;-0.14285968;-0.029747844;0.37500498;0.1120781;0.122458555;-0.05128048;0.07350879;0.13322096;-0.08491986;-0.05158065;-0.061357602;-0.22560011;-0.2209651;0.09506198;0.18378878;-0.22452958;-0.20813636;0.048603266;0.070317455;-0.10548172;0.056571305;0.05925798;0.02456065;0.063521855;-0.07445658;0.06383305;0.17530322;-0.18049546;-0.12807563;0.10509602;-0.06579731;0.12497524;-0.120375;0.3226968;-0.12241328;0.0079246415;-0.19353561;-0.050840076;0.1470988;-0.13210489;-0.08208475;-0.09380275;0.2873233;-0.11052849;0.00033437027;0.07588885;0.17551132;-0.19045104;-0.056722242;-0.18658036;-0.110269874;0.2437985;-0.047748443;0.38092342;-0.13466524;-0.05837773;0.13446571;-0.21440226;-0.005323162;0.3163937;0.097777925;0.31251824;0.07412201;-0.05445828;0.03125265;0.25669655;0.014723149;0.1132836;-0.023249077;-0.09794871;0.0632072;-0.18045183;-0.04738374;-0.04905178;0.05158806;0.08039075;-0.08202872;0.06920227;-0.13431753;0.11285928;0.23953296;0.04230398;0.13696182;-0.050232816;-0.029700032;-0.18795349;-0.025772065;-0.11439546;0.2266851;0.11083815;-0.059974607;-0.015806772;-0.08850902;-0.052227642;-0.18717463;0.025981689;-0.051970232;0.10333518;-0.11716845;-0.12585084;-0.18104304;-0.02558209
0.15242596;0.07953323;0.040833637;0.062461812;-0.010431017;0.11200855;0.044770956;0.026002334;0.12875736;0.25548834;0.11322957;-0.032919843;0.102024935;0.047673773;-0.036760084;-0.25522116;-0.16816698;-0.014467458;-0.0568193;0.046287064;0.10312152;0.13367395;-0.030821053;-0.21417125;-0.17266344;0.12792759;0.26730224;-0.23899102;-0.04449464;-0.07982623;-0.123499215;-0.0819331;-0.15036559;0.23572463;-0.08799225;-0.081490934;0.058356315;-0.089876175;0.11071547;-0.08575354;0.14614685;-0.061954435;-0.12087762;-0.0773984;0.113838196;0.013223823;-0.112317465;-0.055194493;-0.027159324;0.052756444;-0.0097692115;-0.018666193;0.049442064;-0.0019871742;0.017342543;0.008627216;0.011003454;-0.10572955;0.0506022;0.03498698;-0.15981458;0.074100524;-0.23660357;0.014818053;-0.068938404;0.047447305;-0.1360587;-0.18394883;-0.105927646;0.09970695;-0.13872351;0.015949747;-0.14126767;0.050041776;-0.0802589;-0.20633282;-0.22850315;-0.20068215;0.010008347;-0.019304583;0.088880576;-0.040839147;-0.21606427;-0.06542636;-0.06421584;0.066699065;0.011066171;-0.1604775;0.10512378;-0.10137542;-0.021365844;0.08891135;0.018157458;-0.055813294;0.17437156;-0.03903619;-0.42202199;0.22527803;0.04572591;0.09767693;-0.051427696;-0.046669822;-0.16629173;0.046875972;-0.21261948;-0.1597704;-0.013768653;-0.11724044;0.09667764;-0.006143848;0.04443181;0.004061576;-0.022377253;-0.04907249;0.04618114;-0.18207462;0.12437252;0.26718166;-0.20462143;0.02185925;0.090270184;0.042866528;0.08760626;-0.01290194;-0.15713052;-0.4469621;0.20625998;-0.03702089;-0.15116386;0.19717534;0.16095911;0.032861352;-0.028828299;-0.124380894;-0.12306673;0.16658838;0.025654739;-0.05902123;-0.14124815;0.020957477;0.03289103;0.021155516;0.11000162;0.06815775;0.12655888;0.13170187;-0.04019734;0.07182041;0.07578743;-0.08840958;-0.023161186;0.025340766;-0.034374706;0.00060711306;0.1485443;0.07396979;-0.20067067;0.113227285;0.06342142;0.019210294;-0.092736185;-0.024392098;0.09662684;-0.10509509;-0.09013885;-0.07283518;-0.022169108;-0.11209055;0.04529506;0.13263707;-0.047257274;0.08897715;-0.012129608;0.10080949;0.07977162;0.020629248;0.12083403;-0.15114056;0.15067597;-0.003364106;-0.222126;0.028707871;-0.19995739;0.32247892;0.052424837;-0.00441034;-0.02507118;-0.030161992;0.13592534;0.05250767;0.21416062;-0.0414879;-0.06493297;0.010796909;-0.13448621;0.006511072;-0.40152273;0.22007425;-0.0017501687;-0.045202505;0.42078018;0.019969746;0.06832945;0.050601374;-0.089806385;-0.05738942;0.17324461;-0.12693752;0.09419004;-0.030656928;-0.020199025;-0.048344508;0.27034864;-0.17582981;-0.014167554;-0.06271865;0.088561736;-0.10408264;-0.048301037;0.09086455;-0.023311043;-0.0080712885;-0.18861884;0.034355033;-0.25871667;-0.3223498;-0.24827743;0.2372806;-0.17583449;0.15962301;-0.047263104;0.2422173;-0.011071059;-0.1429268;-0.20925313;0.039465014;0.03774643;-0.13247211;-0.06869465;-0.24102807;0.027107447;-0.1312441;-0.087503165;0.12344178;0.13671987;0.021654854;0.06346178;-0.11788294;-0.064719155;0.10610249;-0.278798;0.14667492;-0.2496769;-0.1553397;0.3518976;-0.066725425;-0.10253046;0.14634554;-0.17595868;0.27706447;-0.0026971798;-0.0496076;0.08042532;0.23735482;0.0557103;0.22741663;0.08485875;-0.086733006;-0.049315188;-0.14889927;-0.07568783;0.04635865;-0.11401651;-0.00408872;0.10879952;0.103803635;0.12969589;0.10538873;0.22428425;-0.012933363;0.0045840293;0.111935414;0.012269844;-0.23377986;0.1217415;0.13643812;0.16416675;0.25889698;0.00049007434;0.051329017;-0.0793762;-0.25071988;-0.15136667;-0.074493065;0.0026234735;0.069034874;-0.15765594;0.036163628;0.1397555;0.052037314
0.10844852;-0.075099185;0.14995548;0.03247865;0.10310124;0.021288624;0.022744177;0.025573017;0.12608205;0.22769229;0.064809;-0.09058355;0.13018268;-0.04191248;-0.06951694;-0.17670134;-0.060264587;0.075297505;-0.05069053;0.088658124;0.082056694;0.09947351;-0.19267091;-0.1779835;-0.07525386;0.07256511;0.2056391;-0.27253315;0.018939158;-0.07257047;-0.05262802;-0.05123061;-0.031080037;0.1562412;-0.11211772;-0.047116693;0.100837044;-0.107966825;0.077912;0.006940346;0.13616127;-0.07927017;-0.2041297;-0.16307512;0.018386869;0.111352354;-0.15591612;0.09628573;0.058559064;0.111331;-0.07352017;-0.084300935;-0.11352205;0.0021124668;-0.15026295;-0.17022526;0.07988237;-0.02713054;0.011534657;0.054508857;-0.14794223;0.030121606;-0.1997059;-0.0110123195;-0.07911454;0.0002955608;-0.18473028;-0.103364654;-0.09196626;0.063246965;0.05364531;0.054054018;-0.07001481;0.11924531;0.10196413;0.020103022;-0.022978738;-0.2501796;0.10021784;0.11513038;0.009679504;-0.12776794;-0.22496992;-0.030453146;-0.00541367;0.11449673;-0.05531986;-0.1460416;0.04758915;-0.11128481;-0.02105756;-0.016718788;0.11181371;-0.024281021;0.11415887;-0.005430222;-0.3511594;0.10534197;0.064077385;-0.08149557;-0.14585084;-0.14211467;-0.11808205;0.077420175;-0.23760396;0.07657419;0.12020185;-0.18864402;0.05201332;-0.031782385;0.09893548;-0.048716784;-0.038311146;-0.052498147;-0.04274568;-0.1175709;0.16010834;0.24413253;-0.3072969;0.069676906;0.1651913;-0.036668904;0.09883657;-0.009390791;-0.22061087;-0.31480506;0.22072172;0.0017153444;-0.047127146;0.11533265;0.1626372;0.100496486;-0.013001397;-0.14941898;-0.19808593;0.24210927;-0.0494827;-0.043393496;-0.15127438;0.0538034;-0.0145938955;0.15183364;0.113349825;0.11229533;0.17775035;0.11062809;-0.018238993;0.054846913;0.06437205;-0.14587131;-0.03145762;-0.17435956;0.06579901;-0.053610533;0.14650455;0.011956283;-0.13662899;0.11658752;-0.032765083;0.120876364;0.09612437;0.052582502;0.14211829;-0.019029438;-0.091512695;-0.07952699;0.053059075;-0.081742935;-0.013131298;0.050385326;0.02253344;0.06512469;0.08597114;0.18531275;-0.015579373;-0.045270808;0.08982931;-0.107479446;0.2305764;0.004797481;-0.31742844;0.0356111;-0.19327277;0.202903;0.07041401;-0.01390801;-0.06210166;-0.05194456;-0.014030987;0.05853955;0.13871296;0.11709429;-0.066608965;0.07971506;-0.07295706;0.07255474;-0.33243996;0.120351784;-0.079622865;-0.07883768;0.3176027;0.08313752;-0.12382506;0.08722608;-0.12943512;-0.01997822;0.04638814;-0.03597465;-0.0021364912;-0.03444475;-0.07851523;0.0060792696;0.22311142;-0.15442353;-0.051974457;0.09477371;0.05541367;-0.054143943;-0.007486243;-0.0048532775;0.055169307;-0.062015254;-0.15108222;0.06042097;-0.10052704;-0.24700424;-0.06960392;0.048789933;-0.11095539;0.112863824;-0.018091353;0.1494726;-0.07337244;-0.04092536;-0.25342536;-0.046160687;0.06950921;-0.014189001;-0.1005436;-0.12311517;0.23668359;-0.01765842;-0.06021154;-0.01839117;0.16694313;-0.11760408;-0.005442135;-0.13115618;-0.072816;0.19041862;-0.09615211;0.20685425;-0.19075781;0.03254524;0.21002078;-0.08169195;0.05478459;0.18613529;-0.10145444;0.22356406;0.04598584;0.0024109557;-0.023318008;0.33440155;0.060422286;0.13382857;0.009777714;-0.038895257;0.029073842;-0.15918806;0.01575911;-0.031245241;0.08954126;0.0077793673;-0.029307593;0.0025220588;0.009934688;-0.015189793;0.29471025;-0.116793446;0.18733929;0.13282794;0.013564507;-0.05018295;-0.07733898;0.038796507;0.15654066;0.21150133;-0.035704896;-0.06463663;0.06139555;-0.22487181;-0.0717016;0.034640655;-0.024113769;-0.017072586;-0.14647916;-0.16765334;-0.091638125;-0.07778039
0.036068857;-0.015839258;0.06703365;-0.14113007;-0.036594372;0.22722244;-0.13137336;-0.037396893;-0.003951803;0.20099439;0.07603999;0.1101946;-0.09068034;0.08393527;-0.118474685;-0.008653543;-0.006361101;0.016809674;-0.10860146;-0.0499858;0.12107867;-0.015341868;-0.077772066;-0.08850467;-0.031254023;0.025050702;0.12315402;-0.171694;-0.11627099;-0.04918635;0.05268543;0.092163295;-0.0051137386;0.06607904;-0.02514939;-0.040205922;-0.15242657;0.09578762;-0.032745264;0.098490536;0.106453;-0.0107483305;-0.013131569;-0.028895514;0.11807954;-0.023360774;0.0019008877;-0.1230854;0.112500094;-0.009695898;0.08325309;0.08695214;-0.02803877;-0.004176744;-0.02316752;0.095705785;0.14638872;0.03849857;0.10583677;0.13453567;-0.1756118;0.22027902;-0.34214547;-0.03788459;-0.08477361;-0.07130139;-0.11711476;0.009258446;-0.10976362;0.042928066;0.027432078;0.07304364;-0.23003943;0.07381982;0.19676614;-0.20373945;-0.22400522;0.08986079;0.03355227;0.046568017;0.038569387;0.09942561;-0.09408257;-0.03547832;-0.010466743;-0.13056971;-0.13972549;-0.03893195;0.09763821;-0.104736924;-0.109365016;0.108461685;0.011050346;-0.08160624;0.009092645;-0.012276507;-0.15935858;0.25295067;0.14402899;0.070557855;0.0188765;-0.03383874;-0.02896122;0.13373554;-0.12345389;0.047719598;0.03774929;-0.09882573;0.0052866354;-0.067761675;-0.09995025;0.13101609;-0.008160964;-0.00013972695;-0.24583828;-0.09703041;0.28011432;0.1587503;-0.14189376;-0.039260816;-0.06929919;-0.14507125;-0.066263385;0.10256538;-0.24064869;-0.13203458;0.20918088;-0.11068458;-0.09351931;0.022656113;0.08782055;-0.15053584;-0.08580383;-0.06285965;0.13514479;0.20739424;-0.1482669;-0.043474954;-0.04046184;-0.048278168;-0.051205564;0.071851455;0.11041426;0.18901046;0.17107014;-0.07222388;-0.16115321;0.07638083;-0.10191938;-0.037697814;0.12863553;-0.05963722;0.2017818;-0.056452725;0.13367082;-0.13195805;-0.16364606;0.08109343;0.040440273;0.084050946;0.09415165;-0.02382391;-0.10978279;-0.086959;-0.06099905;-0.12412635;0.01234255;-0.06475765;0.10739123;0.058147337;0.050581872;-0.13360025;-0.03348506;0.032750037;-0.07056934;0.090587236;0.066628516;-0.1040948;0.14495252;-0.057912704;-0.24262308;-0.2120126;-0.043212548;0.14042915;0.010264981;0.009554588;-0.08209476;0.05930534;-0.09429309;-0.013695836;-0.05365181;0.083933406;0.05683447;-0.03381111;-0.080808036;0.081562765;-0.26726758;0.029542888;0.020049958;-0.20420755;0.055416632;0.06444174;0.084291;-0.20056742;0.061587874;0.042505085;-0.014176562;-0.023416862;-0.044655245;-0.027479475;-0.08930787;0.07144803;-0.14589743;0.028093925;-0.12443762;0.061982095;0.100021385;-0.10310007;0.048283752;-0.019233134;-0.03307882;0.05944935;0.013234784;0.06886546;-0.09062246;-0.11019652;-0.05154559;-0.023925006;0.03675429;0.06341122;-0.037347797;0.16766505;0.060476914;0.025450552;0.03458116;-0.09396743;-0.021017687;-0.16212167;-0.24071835;-0.19202991;0.12559712;0.006886907;-0.060696647;0.063549615;0.18453602;-0.048564393;-0.03199178;-0.06594341;-0.09574345;0.08173729;0.010174344;0.29528776;-0.077636994;-0.022054793;-4.643947e-05;-0.09031955;-0.027377998;0.13702255;-0.0121738305;0.21294753;0.109470546;0.07053843;0.14257912;0.09011849;-0.04880761;0.093934335;0.12198832;-0.1999286;0.24454999;-0.12127348;-0.09243756;-0.015038398;0.06802082;0.063728064;0.01517601;0.05239887;0.06732935;-0.10655635;0.12235931;-0.0337565;-0.038357295;-0.065848;-0.010284761;-0.17466845;0.041232556;0.0716848;0.100297295;0.24165201;-0.08140481;-0.003865551;0.016788334;-0.14435889;-0.09576885;0.09892568;-0.036499374;0.07548712;-0.07984734;-0.08242923;-0.1526664;-0.014279224
-0.0078071197;0.030563585;0.053466722;-0.1613064;0.018139003;0.0885734;-0.014222559;-0.045272958;0.11968807;0.1540709;0.04304014;-0.0047902092;-0.017954785;-0.016680095;-0.11091268;-0.05502142;0.037600618;0.103197865;-0.15794586;-0.13634235;0.14630932;0.18795635;-0.10994776;-0.07621667;0.054639433;-0.0843379;0.13655972;-0.08463545;0.051506832;0.074385315;-0.015957601;0.11472062;0.010684387;0.10815115;-0.06645257;-0.049444254;-0.105383776;0.032609534;-0.0010742628;0.00427745;0.037034642;-0.08154165;0.16749416;-0.09905247;0.05846422;-0.011679332;-0.082728304;-0.06290252;0.05362411;0.10566511;-0.0068353945;-0.033854034;-0.047729574;0.03173946;-0.001171675;-0.0311498;0.05913835;0.12710863;0.08933098;0.037596956;-0.1498302;0.1331059;-0.12241171;-0.11250593;-0.109722525;-0.18339196;-0.23218697;-0.109378114;0.016304133;-0.03814893;0.037261847;0.047008656;-0.03514982;-0.045923002;0.010964198;-0.033871695;-0.10455898;-0.046645634;0.06697598;-0.008686069;-0.0030877525;-0.028182821;-0.07837713;-0.05295816;-0.080991894;-0.007200785;-0.047778342;-0.07121246;0.041897338;-0.118182406;0.07081869;-0.06851291;-0.018283539;-0.022762971;0.023264322;-0.05385008;-0.19095269;0.1574413;0.11715192;0.056345496;0.03048904;-0.24539055;-0.18344916;0.16024578;-0.059867628;0.17685579;0.09351438;-0.020951962;-0.07234616;-0.012974136;-0.046745073;-0.016553832;-0.039819922;-0.13013405;-0.014689337;-0.0894579;0.06364218;0.099893436;-0.15975247;-0.03634327;0.112284265;-0.08802492;0.14297295;0.06734176;-0.22016804;-0.18582903;0.11811638;0.031778514;-0.011327924;0.107776254;0.03661479;-0.09176216;-0.026668174;-0.16191232;-0.00750375;0.12855057;-0.17033288;0.007919256;-0.11973682;0.0040411097;-0.11474951;0.121140875;0.20491603;0.13659309;0.055322476;-0.051566884;-0.06809785;0.018790007;-0.03229119;-0.003650494;0.050727554;-0.1024446;0.07795292;-0.076498024;0.11441333;-0.07920419;-0.11778973;0.1121772;0.13350134;0.11046156;0.09929062;-0.008375582;0.051573064;-0.0768383;0.06280862;-0.1149745;-0.06363203;-0.10851915;0.083199136;0.034595795;0.023722077;0.022701535;-0.025133664;0.07273637;-0.1274698;0.015006314;0.045411773;-0.07603229;0.10988603;-0.089343175;-0.17358935;-0.10091558;-0.05712108;0.043849804;0.030841079;-0.14913794;0.047918815;0.1730214;-0.1066792;0.1421407;-0.096444376;0.053127263;0.09823487;-0.009200778;-0.073521204;-0.068588704;-0.37969774;0.10246363;-0.15246253;-0.06485048;0.17556618;0.05121382;0.009082707;-0.058150332;0.04159184;-0.1705457;-0.084549814;-0.16850209;-0.13461699;-0.14398465;-0.16390522;0.05889484;0.019654818;0.01317772;-0.09193379;0.078248866;0.037035037;-0.052450288;0.023716487;0.0599077;-0.033772394;-0.05654575;0.014175044;0.094151534;-0.05861126;-0.1338334;-0.042734306;0.07232834;-0.04678825;-0.053731848;0.04519278;0.15325719;-0.05719184;-0.12059225;0.040200464;-0.05876979;-2.2122636e-05;-0.0607017;-0.043229733;-0.030626604;0.16063963;0.06668061;0.0059283692;-0.014239505;-0.0023849148;-0.074008934;0.02704439;-0.1918553;-0.044586368;0.21342558;-0.05108591;0.32045105;-0.10612274;0.07641253;0.014236329;-0.17889024;-0.006096977;0.19622815;-0.069982156;0.23219763;0.12009124;0.04751181;0.07333062;0.21105905;-0.022669112;-0.001294185;0.06948178;-0.11490168;-0.046847045;-0.21457148;-0.021505905;0.061618805;0.038398948;-0.051950082;-0.011036724;0.045216322;0.03194436;-0.12429835;0.05251269;-0.04289043;-0.02033831;0.10902722;-0.11777254;-0.0659545;0.0013887286;0.11171244;0.08194407;0.084274866;-0.17706963;0.080150016;0.06695122;-0.21037908;0.021372966;0.088010564;-0.1002381;0.06271431;-0.18658052;-0.07628549;-0.123329245;-0.13857815
0.07543471;0.12613049;0.08658173;-0.013883963;-0.046782903;0.21885797;0.01687397;0.029758507;0.11676469;0.2052824;0.099739455;0.05016483;-0.20139417;0.023076767;-0.07041812;-0.18699214;0.08561223;0.108330026;0.005174364;-0.06104778;0.062942035;-0.07346965;-0.07632153;-0.1816519;0.15185165;-0.0072871745;0.18171167;-0.23869458;-0.15879218;-0.14182386;-0.10764468;0.0085896375;-0.10364524;0.10262547;-0.14614452;0.012778873;-0.048069246;0.027896231;-0.02023549;-0.06926962;0.3138666;-0.09525075;-0.037056018;-0.108973816;0.020268925;-0.11450343;-0.063465156;0.00078693626;0.08496153;-0.022219798;0.042002708;0.03282699;-0.016045839;0.04482871;-0.07819071;0.005566555;0.2265151;-0.11565228;0.05988897;0.09682445;-0.17523342;0.19034725;-0.33993703;0.038186498;-0.173363;-0.0030097037;-0.101346195;0.10080232;-0.16462402;-0.032833107;0.0017526686;0.09189366;-0.1802335;0.07993107;0.216538;-0.03772093;-0.17474993;0.08046979;0.044910792;0.055212855;-0.017332345;-0.024243299;-0.22205584;-0.04875257;-0.008892721;-0.039875723;-0.16651842;-0.13252792;0.1848147;-0.040477138;-0.17398916;0.14416948;0.011252063;0.03134507;0.21686724;-0.1336036;-0.27755517;0.22715083;0.21519586;0.10913309;0.01610518;-0.11168814;-0.037504446;0.08330222;-0.17599852;-0.03300277;-0.0583553;-0.11082135;0.02251718;0.09674742;-0.069675095;-0.02878721;-0.047334917;-0.04351885;-0.2738255;-0.08340018;0.2551626;0.273229;-0.35478136;-0.0086565185;-0.037735462;-0.027858276;-0.080083996;0.13752855;-0.28719568;-0.22274594;0.15133336;-0.044551484;-0.15877458;-0.003912446;0.03466604;-0.08449196;-0.13665679;-0.13244915;0.010084596;0.26579776;-0.19356793;-0.060401917;-0.0697498;-0.11854956;-0.07558328;0.06845549;0.18857257;0.10573965;0.2661489;0.10384537;-0.1692579;0.016977115;-0.0726168;-0.057040792;0.06637464;-0.12716217;0.13381055;-0.20671232;0.14125685;-0.06652105;-0.107815824;0.05011897;-0.071089454;0.013718521;0.05236847;-0.10285616;0.004492563;-0.054583777;-0.0784175;-0.13319483;0.042735573;-0.08465038;0.117571436;0.2452387;0.03600945;0.025059635;-0.010039706;0.07154534;-0.019235885;0.051570803;0.012809405;-0.021100746;0.17324463;-0.03684476;-0.08828551;-0.07143848;-0.13910012;0.2779139;0.012459378;0.059930492;-0.12602651;0.09486093;-0.020882009;0.08786573;0.053545177;0.12310924;0.10638305;-0.04625838;-0.082196206;0.1635502;-0.27485758;0.1167565;-0.0074179485;-0.19852504;0.10710698;0.08532666;0.07352299;-0.080966435;-0.019553378;0.013347785;0.0988335;-0.011388069;0.052903265;-0.018663298;-0.022099081;0.04596641;-0.010137891;-0.1628851;-0.12959386;0.122588016;0.07592464;-0.3010715;-0.07046877;0.0051319757;0.0145549;0.080948345;0.009192521;0.120617844;-0.18229446;-0.15035872;-0.099301115;-0.028419744;-0.028908039;0.06989459;0.066097185;0.31429043;-0.007959515;-0.005502927;-0.06705906;0.07030024;-0.01640572;-0.18331073;-0.28550974;-0.279733;0.14646687;-0.016756117;-0.024235737;-0.012203509;0.24190691;-0.07821579;-0.050969373;-0.1633942;-0.14723264;0.16237055;-0.032679074;0.2457796;-0.24368778;-0.113914266;0.18735918;-0.122511365;-0.015538001;0.18005684;-0.005719803;0.2282084;0.07339745;0.080718234;0.13303192;0.21994624;0.06134183;0.28001505;0.06264918;-0.16162403;0.26780114;-0.19749194;-0.11363481;0.078934595;0.09359755;0.11436842;0.013628962;0.05150231;0.009201914;-0.008702293;0.119704224;-0.1158308;0.015642405;-0.01040622;-0.12257711;-0.1478654;0.12912159;0.11865787;0.19279608;0.3113666;-0.06599726;0.017916543;0.05943107;-0.12365242;-0.090943694;0.13451898;-0.07571747;0.034798197;-0.01416955;-0.15155283;0.09327065;0.029258564
0.054852236;0.040818352;0.093997516;-0.21513234;0.0061123604;0.14393999;-0.08221743;-0.033092417;0.12160841;0.11806892;-0.029339902;-0.010791335;-0.044596836;0.0025564218;-0.0728311;-0.037476253;0.054148696;0.05389398;-0.14798939;-0.10666805;0.17240277;0.1367007;-0.039177395;-0.06067317;0.036930595;-0.072218195;0.20268884;-0.017668057;0.042567097;0.055586405;-0.012400197;0.056599542;0.031227635;0.1230131;-0.0502226;0.010844048;-0.030501835;0.07405043;0.03409207;0.020253468;0.019957943;-0.09426974;0.11097023;-0.07088679;0.07689888;0.0050857128;-0.044530775;0.031238569;0.11415039;0.16389161;0.024481155;-0.093883425;-0.036900807;0.050185926;0.037148688;-0.076364435;0.116872035;0.09579354;0.0065793893;0.05286271;-0.13509266;0.12333878;-0.13108581;-0.11311669;-0.04713026;-0.15327027;-0.18211994;-0.115186244;-0.037523262;-0.029068407;0.024661895;0.031468533;-0.03728721;-0.008946402;-0.0032839808;-0.071964785;-0.085890144;-0.11162937;0.09737975;-0.0136113055;0.01106208;0.023952968;-0.085506916;-0.0085727405;-0.08313767;-0.09413301;-0.0785012;-0.03869103;0.014673448;-0.10861369;0.108647466;-0.06750014;-0.014743258;-0.0009421085;-0.024192218;-0.026102785;-0.15288979;0.15540761;0.12902354;0.061118696;0.049963858;-0.22735225;-0.15122136;0.1503411;-0.11177741;0.07919985;0.014664264;-0.004612861;-0.024784254;0.0103151575;-0.048139527;-0.0899241;-0.066331334;-0.09667011;0.022841834;-0.07368917;0.047111858;0.09701066;-0.123110175;-0.07327515;0.090848796;-0.105896965;0.086870536;0.03288577;-0.2510816;-0.1629067;0.10042836;0.013444316;-0.03759336;0.12395542;0.040528588;-0.101646885;-0.029691743;-0.14883769;-0.029228441;0.102899075;-0.122835055;-0.019755254;-0.14139599;0.0034576962;-0.1733977;0.18651748;0.19703525;0.16150393;0.0029670298;-0.0034660532;-0.044318452;0.036587782;-0.043377586;0.0038434656;0.062012818;-0.09377577;0.055590186;-0.089775294;0.07017171;-0.005646454;-0.12789214;0.08919655;0.13097607;0.13539435;0.1295713;0.034100845;0.07530744;-0.07475074;0.066411644;-0.12564905;-0.052196916;-0.13857883;0.06588994;0.01608869;0.07219389;0.04850994;-0.011657577;0.042936683;-0.11096247;-0.017410954;0.02827182;-0.0675021;0.09314317;-0.09425357;-0.200218;-0.15215611;-0.08881894;0.11183919;0.050468434;-0.10967154;0.07487821;0.21648872;-0.122116536;0.13284579;-0.02879305;-0.029870821;0.08450594;-0.019624075;-0.090182066;-0.0365364;-0.31843016;0.056243617;-0.20856655;-0.08003279;0.16251646;0.02732184;0.04020018;-0.0544936;0.0622042;-0.11200796;-0.069091186;-0.2112924;-0.1281686;-0.1690565;-0.14895402;0.076160476;0.11046836;0.067144014;-0.1395543;0.05223309;0.08350187;-0.08201329;0.03362877;0.056145556;-0.04988367;-0.10016269;-0.025254807;0.08357695;-0.053866386;-0.11204318;-0.09916374;0.0020455073;-0.06181918;-0.030569758;0.03829892;0.1982423;-0.12828293;-0.14240828;0.013317675;-0.0077586495;-0.012306714;-0.060006935;-0.055898912;-0.05038751;0.19820462;0.039499216;0.004599023;0.018090587;-0.0071045775;-0.06994733;0.03079354;-0.21494316;-0.038420312;0.19873048;-0.051204406;0.2990686;-0.06805847;0.023145568;-0.018619489;-0.14033917;-0.015073359;0.16448143;-0.06539613;0.22488523;0.04770783;0.022402776;0.059402365;0.23187388;-0.09261101;0.038919214;0.11825195;-0.1344689;0.020193981;-0.23525964;-0.021943321;0.066426665;0.06400497;-0.04652477;0.039396558;-0.005299319;0.06889004;-0.07385251;0.077467166;-0.03214474;0.031207902;0.11441868;-0.07601906;-0.08630926;0.03465286;0.11854642;0.10304439;0.10499087;-0.19408685;0.079698384;0.043208398;-0.2452008;-0.043109145;0.10993433;-0.0884765;0.08953239;-0.2821035;-0.07081743;-0.10705671;-0.14648667
0.051549323;-0.015144843;0.12879893;-0.116962515;-0.04791787;0.078625314;-0.24071214;-0.06634192;0.034123264;-0.014127748;0.051579583;0.08009032;0.0036169975;0.100530885;-0.094329454;-0.08782927;-0.037652224;0.03673647;-0.19753067;-0.075709745;0.21809372;0.20368767;-0.10753224;-0.11188229;0.0721609;-0.033313908;0.1443984;-0.11716978;0.047778852;0.17547596;0.012366015;0.17389265;-0.0361538;0.09067809;-0.027169004;-0.068540275;0.0036174152;-0.021812975;0.08387527;-0.03937283;-0.09982214;-0.06092692;0.08134858;-0.11029132;0.09215893;-0.028424617;-0.024256539;-0.065273926;0.050499666;0.115725614;-0.04056334;0.012696487;-0.13024876;0.014245515;-0.053352337;0.09277306;0.073129915;0.059025336;0.07343569;0.04902068;-0.09882738;0.07374946;-0.06316007;-0.05084033;-0.038686063;-0.15510304;-0.105525985;0.050126456;-0.08552015;0.01568616;-0.07472218;0.105761275;-0.12398951;-0.04185459;0.06728723;-0.19717038;-0.10279052;0.004047643;0.05258025;0.0042355275;-0.09842003;-0.06229629;-0.08268669;-0.032111563;-0.040579353;0.03834588;0.028446266;-0.017874943;-0.112469174;-0.113102496;-0.08138643;0.0010114313;0.023264112;0.054484844;-0.0790066;0.19185692;-0.27301544;0.23005891;0.043815915;-0.08654978;0.0520084;-0.08328803;0.07823171;0.16327754;-0.017311722;0.08752563;-0.024005884;-0.013674793;0.08597285;0.053055126;-0.029898152;0.014284576;0.06612056;-0.15958893;-0.003274534;-0.07509145;-0.004736028;0.16693057;0.011248644;-0.0637606;-0.033161677;0.016342595;-0.0010247746;0.05518182;-0.13466421;-0.1702978;0.038472004;0.09645442;-0.07107021;0.066165425;0.11377649;-0.054229748;-0.048160873;0.054463495;-0.05525016;0.12631908;-0.1654946;-0.04291823;-0.03325975;0.013812353;-0.14887461;0.19896586;0.20023935;0.10507135;0.14935724;-0.03700169;-0.009727562;-0.016843442;-0.03279545;-0.03317337;0.020914529;-0.14306687;-0.035485998;-0.012202795;0.16244839;0.04976168;-0.096873865;0.10450425;-0.021553105;0.13444763;-0.035445612;-0.023339821;0.019421564;-0.062443305;-0.016791448;-0.03894869;-0.046525493;-0.13320479;0.13053127;-0.061927386;-0.010099119;0.04545469;0.063939676;0.08556573;-0.08226151;0.04619111;0.038043913;-0.16315761;0.013006324;-0.041541405;-0.19155057;-0.010957537;0.03606002;0.11246468;0.029300144;0.010462595;-0.24775629;0.091102995;-0.094130844;0.12623492;0.039799117;0.0256648;0.12527472;0.06477461;0.012080634;-0.054063804;-0.30198088;0.079383895;-0.06277298;-0.05057078;0.023612088;0.100222886;0.04202442;-0.0039893584;0.08594803;-0.14797848;-0.060899097;-0.03453376;-0.052631162;-0.06671209;-0.14203185;0.21082728;-0.03835509;-0.1327127;0.0172585;0.038843576;-0.027808174;-0.10113045;0.0023520894;-0.062803;-0.0726394;0.057270102;0.016521739;0.030212734;-0.07338282;-0.057341896;-0.041570287;-0.16255665;-0.09628621;0.04451522;0.014596087;0.16877154;-0.0661381;-0.034529008;0.08511059;-0.05843516;0.048735835;-0.071532875;-0.112571456;-0.06716053;0.12931089;0.012620321;-0.022303993;0.0952705;0.051879626;-0.115423635;-0.021409545;-0.05023276;-0.0015951585;0.09773789;0.028459197;0.25678957;-0.0033709228;0.019100621;-0.06119729;-0.09349942;-0.00029291643;0.06124247;0.015329683;0.14839557;0.08552794;0.06255212;0.023878185;0.07272;0.016058128;0.067531966;0.10245375;-0.08723462;0.039107867;-0.11791889;-0.08044601;-0.017315732;0.1127673;0.02149804;0.11720301;-0.02050545;0.006942375;-0.1615301;0.08426988;0.07249389;0.0055849655;0.0881397;0.10259259;-0.09481622;-0.020783849;0.09055419;0.07380438;0.07155357;-0.13927232;-0.037032586;0.04591804;-0.23854654;-0.024278691;0.059371483;0.029642606;0.024325218;-0.058471233;-0.052957524;-0.06846934;-0.01948957
0.117694296;0.08623853;0.17284018;-0.16364433;-0.086512335;0.06381771;-0.09349411;0.036545295;0.13820623;0.024343416;-0.021408034;0.121984735;-0.033438988;0.0068594376;-0.20789272;-0.037057158;0.115539156;0.04863189;-0.14832827;-0.10591585;0.18667513;0.22457978;-0.14857359;-0.007146004;-0.08309862;-0.06651071;0.17979538;-0.05190979;0.06147659;0.14876035;-0.044882137;0.04663839;-0.024614474;0.1751697;-0.02584237;-0.06541629;-0.115728654;-0.03866256;-0.010429132;0.06978366;-0.05743824;-0.11381647;0.08040897;-0.09503175;0.09067884;-0.035650816;0.03464728;0.0130416555;0.051103752;0.1085912;0.063679054;-0.0137920845;-0.021862585;0.07807701;-0.037602164;0.04384294;0.12769666;-0.024281016;0.087361395;-0.042611074;-0.036084983;0.15955769;-0.103607856;0.001688944;-0.14454916;-0.08342928;-0.17787707;0.06907163;0.02636736;-0.047292963;-0.030805515;0.010270433;-0.04700699;-0.0033645043;0.033633575;-0.19016011;-0.016776012;-0.07621756;0.03454233;-0.021145562;-0.07395798;0.020809365;-0.13833223;-0.0032876756;-0.15003556;-0.047411848;-0.07195586;-0.0029127235;-0.14352265;0.035154313;-0.0013289639;-0.080355406;0.057862982;0.032713205;0.05895712;0.08999624;-0.18194665;0.16759822;0.0867006;0.03468384;-0.0068110335;-0.15545529;0.06569522;0.14294465;0.015238441;0.18236864;0.0018663141;-0.033575326;0.15375304;0.0028691147;-0.09687068;0.010428326;0.07573585;-0.16876252;-0.07493153;-0.09232846;0.09681169;0.28022465;-0.056258056;-0.043737635;-0.0416042;-0.053987;0.052647144;0.049085308;-0.21605784;-0.22431302;0.06734425;0.011445362;-0.13156569;0.1442669;0.025609275;-0.065567836;-0.12640537;0.0044552917;-0.046107084;0.16158572;-0.093791194;-0.070809215;-0.03248356;-0.017174628;-0.00011047514;0.098422274;0.23465721;0.14937943;0.14143491;-0.04799653;-0.075017706;0.09548031;0.021649284;-0.09853885;0.08265863;-0.0022110972;0.1059832;-0.14857286;0.07844475;0.07803998;-0.089448445;0.01226918;-0.0216708;0.12209519;0.018778149;0.07236833;-0.05399477;-0.06182709;0.021266518;-0.11248039;0.048582226;-0.24201454;0.018067203;0.094613194;0.026264584;0.1389264;0.029556934;0.09132925;-0.123269595;0.02956762;-0.02848188;-0.009108092;0.021194082;-0.07764589;-0.15502459;-0.04099685;-0.07240802;0.10579196;0.09425117;0.08301402;-0.14711984;0.0974016;0.0095977355;0.116140634;0.08920961;0.09597456;0.14484403;-0.0070995954;-0.05586676;-0.020212732;-0.20550624;0.060800843;-0.117608786;-0.15785624;0.06367411;0.10786596;0.083392344;-0.041957267;0.087413974;-0.092412606;-0.076165766;-0.049465477;-0.09397325;-0.040372636;-0.15905187;0.08661454;0.006075143;0.06994709;0.011430154;0.051877525;-0.016789615;-0.035661284;0.050477054;-0.027459225;-0.086386785;-0.016367756;0.089188665;0.13233955;-0.045104723;-0.034252107;-0.11387895;-0.059136238;0.045150723;0.110595465;-0.061308697;0.30982363;-0.0516172;-0.045569718;0.10424681;-0.07853615;0.0046981573;0.012825342;-0.096512854;-0.03327437;0.23704365;0.046337217;0.0105011035;0.07162961;0.09004274;-0.143957;0.035519436;-0.16721755;-0.062185578;0.2734732;0.00294363;0.2914756;-0.10775176;0.03904918;-0.06449836;-0.106913075;0.070549026;0.30859435;0.015315818;0.2933674;0.0819839;-0.03628184;0.1657179;0.117423825;0.019511146;0.057958525;-0.04882169;-0.12029122;0.05877338;-0.045019183;-0.13443315;0.047753736;0.043382615;0.043234784;0.0033577855;0.08612224;-0.013568792;-0.16920508;0.030646741;-0.054862216;-0.048945848;0.08402711;0.029593565;-0.10053709;0.0550729;0.06378123;0.041432157;0.16184318;-0.25347665;-0.01803533;0.0048114774;-0.11420626;-0.013118158;-0.060264196;0.043362476;-0.050743576;-0.12139228;-0.111344256;0.050786845;-0.06693508
0.080702044;-0.11534211;0.09509989;-0.19162314;0.06732163;0.112745106;-0.0671108;-0.035432465;0.14554146;0.0016119241;0.0678321;-0.031321708;-0.12961648;0.08575666;-0.17216127;-0.00082797185;-0.0076081236;0.04437277;-0.1044991;0.051247656;0.09054419;0.20586598;-0.039837558;0.036225356;-0.026283765;-0.033642154;-0.001228212;-0.22363247;0.0766458;0.12061167;-0.07114997;0.0729597;-0.029603072;0.098804295;-0.050382376;-0.09597892;-0.033313524;-0.0037973498;-0.009667714;0.0030447636;0.050943565;-0.035654005;0.13118123;-0.11736607;0.16989098;-0.08755433;-0.111082464;0.0010217205;0.05549487;-0.025729114;-0.014007777;0.12513766;-0.07137548;0.11204257;-0.08959066;0.102798276;0.07405931;0.11354951;0.07327416;-0.04847339;-0.2118877;0.21927308;-0.12726896;-0.016300673;-0.1566598;-0.057817232;-0.32958815;0.13345353;-0.016134756;-0.009557749;-0.078842424;0.061434645;-0.04683773;-0.07270331;0.12819465;-0.12612297;-0.103616334;-0.073210776;-0.07291013;0.09742411;-0.18209328;-0.024445565;-0.014985748;-0.016563455;-0.11500884;0.14936134;0.019886024;-0.0049516326;0.0012630274;-0.14025618;0.15972845;0.0132021485;0.08130034;0.026487792;0.068998314;0.057343233;-0.16718276;0.2405356;0.11782885;0.09919939;-0.039884705;-0.14969999;0.0192218;0.15107842;-0.060632247;0.13315523;0.056153044;0.05138381;-0.039900254;-0.08779088;0.05591771;0.002317369;0.03667209;-0.18467708;0.07578761;-0.05711936;0.031766552;0.23512816;0.012960866;-0.035230443;0.046601515;-0.12308147;-0.020459281;0.043636236;-0.23495226;-0.21075915;0.142761;0.09096175;-0.029352395;0.029129969;-0.033088807;-0.054658264;-0.040426698;-0.060202092;0.067170255;0.15293398;-0.15982606;-0.064534314;0.05777959;-0.008877286;-0.09710995;0.22898336;0.16676573;0.25029382;0.15032811;-0.15708339;-0.08548298;-0.035280246;-0.11139455;-0.03859292;0.019841097;-0.08517715;0.17576338;-0.02707208;0.13164169;-0.025493821;-0.1472409;0.026500499;0.010792111;0.180399;-0.026356593;0.11543802;0.08678729;0.010580209;0.0647469;-0.028225766;-0.116647296;-0.142974;0.002839117;-0.04596798;0.12945785;0.010704014;-0.03638091;0.18285668;-0.1260262;0.123773254;0.010789101;0.034811776;-0.044307187;-0.04649344;-0.10778585;-0.013121302;0.023595238;0.04756424;0.1287976;-0.037035953;-0.10587952;0.08871555;-0.0053678043;-0.12421963;0.0024964474;0.032486442;0.13047999;0.078496955;0.010095271;-0.0950225;-0.34995553;-0.08618025;-0.0004575538;-0.18524157;0.16247769;0.0601359;-0.033553425;-0.0795375;0.09527004;-0.0956729;0.012281115;-0.020980678;-0.08078668;-0.027430145;-0.0057247975;0.017842768;0.10219749;-0.002101424;0.030224293;0.00959462;-0.07499179;-0.023071036;-0.004595729;0.028733207;-0.094632834;0.061865706;-0.06187423;0.12038546;-0.1508116;-0.14140125;0.01889641;-0.08526493;-0.027606308;0.14256103;-0.013548699;0.23696722;-0.007995454;-0.061993986;-0.031883225;-0.1090717;-0.0076862476;-0.061489876;-0.13807122;-0.011724673;0.25531527;0.054474413;-0.092300616;-0.005629647;0.04892951;-0.05736187;-0.048228074;-0.16869582;-0.086957075;0.19587158;-0.04671717;0.2733014;-0.01761931;0.002586618;0.04457377;-0.14695261;0.061200302;0.14771739;0.030622765;0.18213934;0.016728533;-0.055397127;0.1265163;0.23308563;0.023213059;0.063825525;0.016012898;-0.055031788;0.09808155;-0.11937452;-0.033389892;0.07255184;0.13420475;0.039498214;0.033455636;0.07272496;0.09919757;-0.1934111;0.12215678;0.07243133;-0.09861142;0.07199108;0.035430312;-0.058712795;-0.0023434937;0.014351349;-0.019922541;0.12046367;-0.14983489;0.060885083;-0.09016144;-0.00940974;-0.11921504;-0.014182984;-0.06342123;-0.021322086;-0.022034457;-0.02217243;-0.16517767;0.01990036
